cbb_id,player,school,season,conf_abbr,class,height,weight,rsci,pos,games,games_started,mp,fg3_per_min,fg3_pct,ft_pct,efg_pct,trb_per_min,ast_per_min,stl_per_min,blk_per_min,tov_per_min,pts_per_min,per,ts_pct,usg_pct,ws,obpm,dbpm,bpm,team_sos,team_srs
kyle-singler-1,Kyle Singler,duke,2010-11,,SR,6-8,230,6 (2007),F,37,37,1286,1.9,0.321,0.806,0.491,7.9,1.9,1.1,0.4,2.2,19.4,20.0,0.536,24.7,6.1,4.6,1.8,6.4,8.31,24.5
nolan-smith-1,Nolan Smith,duke,2010-11,,SR,6-2,185,18 (2007),G,37,37,1259,1.8,0.35,0.813,0.508,5.3,6.0,1.4,0.1,3.7,24.3,25.7,0.564,30.7,7.4,7.5,2.3,9.9,8.31,24.5
mason-plumlee-1,Mason Plumlee,duke,2010-11,,SO,6-10,235,18 (2009),F,37,31,960,0.0,0.0,0.441,0.589,13.0,2.4,1.5,2.6,3.0,11.0,18.9,0.566,15.6,4.0,2.5,5.4,7.9,8.31,24.5
seth-curry-1,Seth Curry,duke,2010-11,,SO,6-2,185,,G,37,19,924,2.8,0.435,0.788,0.556,2.9,3.2,2.3,0.2,1.5,14.4,17.6,0.596,16.5,4.3,4.3,4.8,9.2,8.31,24.5
andre-dawkins-1,Andre Dawkins,duke,2010-11,,SO,6-5,215,,G,37,7,778,3.3,0.427,0.791,0.635,3.6,1.1,1.1,0.2,1.4,15.3,15.7,0.652,16.0,3.3,4.2,2.8,7.0,8.31,24.5
ryan-kelly-3,Ryan Kelly,duke,2010-11,,SO,6-11,230,14 (2009),F,37,27,743,1.2,0.319,0.805,0.576,7.4,1.7,1.3,2.7,1.6,13.2,19.0,0.602,15.3,3.4,4.0,5.3,9.2,8.31,24.5
miles-plumlee-1,Miles Plumlee,duke,2010-11,,JR,6-10,245,81 (2008),F,37,16,617,0.0,,0.593,0.522,11.5,0.9,1.3,1.1,2.1,11.4,15.7,0.538,15.5,2.5,0.7,2.9,3.6,8.31,24.5
tyler-thornton-1,Tyler Thornton,duke,2010-11,,FR,6-2,190,,G,34,3,337,0.5,0.267,0.839,0.517,2.6,3.9,1.9,0.1,2.6,6.6,8.2,0.64,9.5,0.9,-2.7,4.9,2.2,8.31,24.5
kyrie-irving-1,Kyrie Irving,duke,2010-11,,FR,6-2,180,2 (2010),G,11,8,303,2.4,0.462,0.901,0.615,4.9,6.2,2.1,0.8,3.6,25.3,32.5,0.697,26.4,2.4,9.8,5.0,14.8,8.31,24.5
josh-hairston-1,Josh Hairston,duke,2010-11,,FR,6-8,235,32 (2010),F,27,0,165,0.0,,0.565,0.361,8.0,0.7,1.0,0.2,1.9,9.5,8.0,0.416,16.2,0.4,-3.7,1.2,-2.5,8.31,24.5
casey-peters-1,Casey Peters,duke,2010-11,,SR,6-4,200,,G,10,0,17,0.0,,,,7.1,0.0,2.4,0.0,0.0,0.0,6.7,,0.0,0.0,-1.7,7.7,6.0,8.31,24.5
todd-zafirovski-1,Todd Zafirovski,duke,2010-11,,SO,6-9,245,,F,5,0,11,0.0,,,0.0,0.0,0.0,0.0,0.0,0.0,0.0,-5.3,0.0,4.4,0.0,-6.8,0.4,-6.4,8.31,24.5
austin-rivers-1,Austin Rivers,duke,2011-12,,FR,6-4,200,2 (2011),G,34,33,1129,2.1,0.365,0.658,0.505,4.1,2.5,1.2,0.0,2.8,18.7,16.9,0.538,25.2,3.5,3.2,0.8,4.0,8.4,17.05
seth-curry-1,Seth Curry,duke,2011-12,,JR,6-2,185,,G,34,32,1026,2.5,0.383,0.873,0.515,3.5,3.2,1.7,0.3,2.7,17.5,18.6,0.573,22.5,3.9,4.9,2.0,6.9,8.4,17.05
mason-plumlee-1,Mason Plumlee,duke,2011-12,,JR,6-10,235,18 (2009),F,34,31,964,0.0,,0.528,0.572,12.9,2.3,1.1,2.3,3.1,15.7,23.1,0.568,21.1,4.1,4.3,3.1,7.4,8.4,17.05
ryan-kelly-3,Ryan Kelly,duke,2011-12,,JR,6-11,230,14 (2009),F,31,19,803,2.0,0.408,0.807,0.527,8.3,1.7,1.2,1.5,2.1,18.3,23.2,0.597,21.8,4.0,6.3,2.4,8.7,8.4,17.05
andre-dawkins-1,Andre Dawkins,duke,2011-12,,JR,6-5,215,,G,34,14,760,3.5,0.392,0.739,0.546,3.7,1.1,0.7,0.1,1.4,15.0,13.4,0.566,18.3,2.2,3.3,0.6,3.9,8.4,17.05
tyler-thornton-1,Tyler Thornton,duke,2011-12,,SO,6-2,190,,G,34,19,717,1.5,0.351,0.75,0.51,3.5,3.8,1.7,0.0,1.9,7.7,10.1,0.557,11.0,1.8,0.4,3.4,3.8,8.4,17.05
miles-plumlee-1,Miles Plumlee,duke,2011-12,,SR,6-10,245,81 (2008),F,34,16,697,0.0,,0.632,0.61,13.9,1.0,1.0,1.8,2.4,13.0,21.8,0.621,16.1,3.1,4.1,2.1,6.2,8.4,17.05
quinn-cook-1,Quinn Cook,duke,2011-12,,FR,6-2,185,31 (2011),G,33,4,387,1.4,0.25,0.776,0.466,3.5,6.5,1.4,0.2,1.9,15.1,19.4,0.524,20.3,1.6,4.2,1.3,5.6,8.4,17.05
josh-hairston-1,Josh Hairston,duke,2011-12,,SO,6-8,235,32 (2010),F,29,2,246,0.0,0.0,0.667,0.449,6.8,0.8,0.7,0.7,2.4,12.7,11.1,0.485,19.4,0.5,-2.3,-0.2,-2.5,8.4,17.05
michael-gbinije-1,Michael Gbinije,duke,2011-12,,FR,6-7,200,28 (2011),F,19,0,111,1.4,0.4,1.0,0.65,5.8,1.1,1.1,0.4,2.9,11.9,12.3,0.707,14.1,0.3,-0.1,1.5,1.4,8.4,17.05
todd-zafirovski-1,Todd Zafirovski,duke,2011-12,,JR,6-9,245,,F,5,0,10,0.0,,,0.0,8.0,4.0,0.0,4.0,4.0,0.0,-4.3,0.0,15.0,0.0,-8.8,2.2,-6.7,8.4,17.05
mason-plumlee-1,Mason Plumlee,duke,2012-13,,SR,6-10,235,18 (2009),F,36,36,1248,0.0,,0.681,0.599,11.5,2.2,1.2,1.7,3.3,19.7,26.3,0.628,24.5,6.9,5.9,3.6,9.5,9.57,21.45
quinn-cook-1,Quinn Cook,duke,2012-13,,SO,6-2,185,31 (2011),G,36,34,1208,1.8,0.393,0.877,0.492,4.6,6.3,1.7,0.2,2.6,13.9,17.4,0.529,20.3,4.5,3.7,2.9,6.6,9.57,21.45
seth-curry-1,Seth Curry,duke,2012-13,,SR,6-2,185,,G,35,35,1130,3.4,0.438,0.809,0.577,3.2,1.9,1.1,0.2,1.5,21.7,22.7,0.617,24.5,5.7,8.0,1.8,9.8,9.57,21.45
rasheed-sulaimon-1,Rasheed Sulaimon,duke,2012-13,,FR,6-5,195,12 (2012),G,36,33,1050,1.9,0.371,0.802,0.5,4.6,2.6,1.0,0.1,1.7,15.8,16.2,0.55,20.8,3.8,3.4,2.0,5.4,9.57,21.45
tyler-thornton-1,Tyler Thornton,duke,2012-13,,JR,6-2,190,,G,36,6,791,1.6,0.392,0.68,0.559,4.1,4.0,2.3,0.2,1.9,6.6,10.7,0.576,9.8,2.2,1.0,5.6,6.5,9.57,21.45
ryan-kelly-3,Ryan Kelly,duke,2012-13,,SR,6-11,230,14 (2009),F,23,23,664,2.1,0.422,0.812,0.535,7.3,2.3,1.0,2.2,1.4,17.8,23.5,0.586,21.4,3.5,7.2,4.0,11.1,9.57,21.45
josh-hairston-1,Josh Hairston,duke,2012-13,,JR,6-8,235,32 (2010),F,35,6,444,0.0,0.0,0.692,0.45,6.6,0.7,0.5,0.5,1.7,8.1,6.7,0.487,12.9,0.8,-3.1,1.7,-1.4,9.57,21.45
amile-jefferson-1,Amile Jefferson,duke,2012-13,,FR,6-9,215,21 (2012),F,32,7,405,0.0,,0.61,0.543,9.1,0.7,1.2,1.6,1.2,12.5,17.9,0.56,16.0,1.7,2.3,2.6,4.9,9.57,21.45
alex-murphy-1,Alex Murphy,duke,2012-13,,FR,6-8,225,49 (2011),F,31,0,194,1.0,0.208,0.417,0.536,6.2,0.0,1.0,0.6,2.3,13.2,11.6,0.527,19.0,0.4,-0.7,1.2,0.4,9.57,21.45
marshall-plumlee-1,Marshall Plumlee,duke,2012-13,,FR,7-0,255,61 (2011),C,19,0,50,0.0,,0.0,0.125,8.8,0.8,2.4,2.4,4.0,1.6,-1.8,0.085,17.3,-0.1,-8.4,1.3,-7.1,9.57,21.45
todd-zafirovski-1,Todd Zafirovski,duke,2012-13,,SR,6-9,245,,F,7,0,16,0.0,,0.25,0.5,7.5,0.0,2.5,2.5,0.0,12.5,15.1,0.424,19.0,0.0,-3.7,4.7,0.9,9.57,21.45
rodney-hood-1,Rodney Hood,duke,2013-14,,SO,6-8,215,27 (2011),F,35,33,1150,2.5,0.42,0.807,0.55,4.8,2.6,0.9,0.3,1.9,19.5,20.1,0.59,23.8,4.9,6.3,0.9,7.2,8.48,19.51
jabari-parker-1,Jabari Parker,duke,2013-14,,FR,6-8,235,3 (2013),F,35,35,1074,1.4,0.358,0.748,0.511,11.4,1.5,1.4,1.6,3.0,25.0,28.4,0.558,32.7,5.5,6.6,1.0,7.6,8.48,19.51
quinn-cook-1,Quinn Cook,duke,2013-14,,JR,6-2,185,31 (2011),G,35,22,1042,2.5,0.371,0.827,0.535,2.9,5.9,1.8,0.0,2.2,15.6,19.0,0.571,20.4,4.2,5.5,1.8,7.3,8.48,19.51
rasheed-sulaimon-1,Rasheed Sulaimon,duke,2013-14,,SO,6-5,195,12 (2012),G,34,17,871,2.0,0.41,0.768,0.49,3.8,3.7,1.2,0.0,1.7,15.5,16.6,0.552,20.3,3.2,4.0,1.6,5.6,8.48,19.51
amile-jefferson-1,Amile Jefferson,duke,2013-14,,SO,6-9,215,21 (2012),F,35,26,796,0.0,,0.494,0.644,12.1,1.8,1.2,1.0,1.2,11.5,20.8,0.618,13.4,3.6,5.1,2.1,7.2,8.48,19.51
tyler-thornton-1,Tyler Thornton,duke,2013-14,,SR,6-2,190,,G,35,25,745,1.4,0.45,0.857,0.607,3.4,4.5,2.5,0.1,1.3,5.9,11.6,0.641,7.5,2.3,1.0,5.1,6.1,8.48,19.51
andre-dawkins-1,Andre Dawkins,duke,2013-14,,SR,6-5,215,,G,33,4,453,5.7,0.421,0.811,0.614,3.8,1.1,1.3,0.4,1.6,23.1,22.4,0.634,25.6,2.1,8.7,1.2,9.9,8.48,19.51
josh-hairston-1,Josh Hairston,duke,2013-14,,SR,6-8,235,32 (2010),F,30,9,284,0.0,0.0,0.643,0.486,5.4,1.5,0.4,0.4,1.4,6.1,5.6,0.516,9.4,0.5,-3.0,1.6,-1.3,8.48,19.51
marshall-plumlee-1,Marshall Plumlee,duke,2013-14,,SO,7-0,255,61 (2011),C,30,0,253,0.0,,0.353,0.552,10.3,1.3,0.9,2.7,1.6,6.0,14.4,0.512,9.6,0.7,2.2,3.0,5.2,8.48,19.51
matt-jones-3,Matt Jones,duke,2013-14,,FR,6-5,210,34 (2013),G,32,4,235,0.5,0.143,0.561,0.324,4.6,0.9,1.9,0.2,0.7,9.5,8.7,0.397,16.3,0.4,-2.0,1.7,-0.2,8.48,19.51
semi-ojeleye-1,Semi Ojeleye,duke,2013-14,,FR,6-8,230,32 (2013),F,17,0,80,2.0,0.571,0.909,0.643,7.5,1.0,2.0,2.0,2.5,14.0,21.9,0.728,15.6,0.4,5.3,3.3,8.6,8.48,19.51
alex-murphy-1,Alex Murphy,duke,2013-14,,SO,6-8,225,49 (2011),F,5,0,33,1.2,0.2,0.5,0.25,6.1,2.4,0.0,0.0,1.2,6.1,3.6,0.316,13.9,0.0,-1.3,-2.5,-3.8,8.48,19.51
nick-pagliuca-1,Nick Pagliuca,duke,2013-14,,FR,6-3,195,,G,3,0,5,0.0,,0.5,0.0,16.0,0.0,0.0,0.0,0.0,8.0,10.3,0.256,20.1,0.0,-2.7,-2.6,-5.3,8.48,19.51
todd-zafirovski-1,Todd Zafirovski,duke,2013-14,,SR,6-9,245,,F,3,0,4,0.0,,,,10.0,0.0,0.0,0.0,0.0,0.0,0.3,,0.0,0.0,-7.4,3.4,-4.0,8.48,19.51
quinn-cook-1,Quinn Cook,duke,2014-15,,SR,6-2,185,31 (2011),G,39,39,1396,2.9,0.395,0.891,0.569,3.8,3.0,1.1,0.0,1.3,17.1,19.7,0.609,20.0,6.8,6.4,2.5,8.8,9.87,24.97
tyus-jones-1,Tyus Jones,duke,2014-15,,FR,6-1,190,7 (2014),G,39,39,1322,1.4,0.379,0.889,0.489,4.1,6.6,1.8,0.1,2.3,13.9,20.4,0.575,18.7,6.5,6.0,3.3,9.3,9.87,24.97
jahlil-okafor-1,Jahlil Okafor,duke,2014-15,,FR,6-11,270,1 (2014),C,38,38,1143,0.0,,0.51,0.664,11.3,1.7,1.0,1.9,3.3,23.0,30.7,0.641,27.6,6.7,7.7,2.7,10.4,9.87,24.97
justise-winslow-1,Justise Winslow,duke,2014-15,,FR,6-6,225,13 (2014),F,39,39,1135,1.6,0.418,0.641,0.551,8.9,2.9,1.8,1.2,2.5,17.3,22.3,0.572,22.9,5.5,5.3,4.6,10.0,9.87,24.97
matt-jones-3,Matt Jones,duke,2014-15,,SO,6-5,210,34 (2013),G,39,14,847,1.9,0.376,0.714,0.51,4.3,1.8,1.7,0.1,1.4,11.1,13.0,0.528,15.3,2.7,2.8,3.3,6.1,9.87,24.97
amile-jefferson-1,Amile Jefferson,duke,2014-15,,JR,6-9,215,21 (2012),F,39,26,831,0.0,,0.554,0.631,10.9,1.6,1.1,1.3,2.0,11.5,19.4,0.62,14.6,3.7,4.4,3.0,7.3,9.87,24.97
rasheed-sulaimon-1,Rasheed Sulaimon,duke,2014-15,,JR,6-5,195,12 (2012),G,20,0,386,2.4,0.404,0.667,0.504,4.1,3.6,2.0,0.1,2.7,15.4,15.2,0.526,22.5,1.3,1.7,3.1,4.8,9.87,24.97
marshall-plumlee-1,Marshall Plumlee,duke,2014-15,,JR,7-0,255,61 (2011),C,39,0,375,0.1,1.0,0.71,0.774,9.8,1.3,0.9,2.3,1.5,9.3,18.4,0.767,9.8,1.8,3.0,4.0,7.0,9.87,24.97
grayson-allen-1,Grayson Allen,duke,2014-15,,FR,6-4,195,24 (2014),G,35,0,322,2.2,0.346,0.849,0.509,4.3,1.7,1.2,0.6,1.9,19.0,19.3,0.583,23.5,1.5,3.0,2.0,5.0,9.87,24.97
semi-ojeleye-1,Semi Ojeleye,duke,2014-15,,SO,6-8,230,32 (2013),F,6,0,63,2.5,0.25,0.571,0.389,8.9,0.6,1.9,0.0,0.0,11.4,11.7,0.422,17.6,0.2,-3.3,0.5,-2.8,9.87,24.97
nick-pagliuca-1,Nick Pagliuca,duke,2014-15,,SO,6-3,195,,G,11,0,18,2.2,0.25,,0.3,8.9,2.2,0.0,0.0,0.0,6.7,4.9,0.3,14.4,0.0,-5.7,-1.6,-7.3,9.87,24.97
sean-kelly-2,Sean Kelly,duke,2014-15,,SR,6-3,195,,G,10,0,12,0.0,0.0,,0.0,0.0,6.7,0.0,0.0,0.0,0.0,3.2,0.0,4.3,0.0,0.0,-0.2,-0.1,9.87,24.97
grayson-allen-1,Grayson Allen,duke,2015-16,,SO,6-4,195,24 (2014),G,36,35,1317,2.7,0.417,0.837,0.554,5.0,3.9,1.4,0.2,2.2,23.7,26.0,0.616,26.7,7.2,7.9,2.1,9.9,10.59,19.23
brandon-ingram-1,Brandon Ingram,duke,2015-16,,FR,6-9,190,4 (2015),G,36,34,1246,2.6,0.41,0.682,0.525,7.8,2.3,1.3,1.6,2.3,20.0,22.5,0.552,25.5,4.9,6.0,2.0,8.0,10.59,19.23
matt-jones-3,Matt Jones,duke,2015-16,,JR,6-5,210,34 (2013),G,35,35,1113,2.7,0.415,0.736,0.533,3.2,2.8,1.3,0.3,1.4,13.0,13.9,0.551,16.5,3.0,3.0,1.6,4.6,10.59,19.23
marshall-plumlee-1,Marshall Plumlee,duke,2015-16,,SR,7-0,255,61 (2011),C,36,36,1099,0.0,,0.575,0.688,11.2,1.4,1.0,2.1,1.4,10.9,20.4,0.662,12.1,4.5,4.3,2.9,7.2,10.59,19.23
luke-kennard-1,Luke Kennard,duke,2015-16,,FR,6-5,180,21 (2015),G,36,11,961,2.3,0.32,0.889,0.503,5.4,2.3,1.4,0.2,1.2,17.7,19.5,0.556,21.3,3.8,4.3,1.5,5.8,10.59,19.23
derryck-thornton-1,Derryck Thornton,duke,2015-16,,FR,6-3,195,13 (2015),G,36,20,935,1.2,0.325,0.69,0.446,2.8,3.9,1.2,0.3,2.5,10.9,9.4,0.475,17.5,1.1,-0.8,1.3,0.4,10.59,19.23
amile-jefferson-1,Amile Jefferson,duke,2015-16,,SR,6-9,215,21 (2012),F,9,9,273,0.0,,0.553,0.683,13.6,1.9,1.3,1.5,2.2,15.1,26.2,0.66,17.0,1.4,6.5,1.9,8.4,10.59,19.23
chase-jeter-1,Chase Jeter,duke,2015-16,,FR,6-10,240,14 (2015),C,32,0,254,0.0,,0.541,0.553,9.6,0.6,0.5,1.4,3.0,9.8,9.7,0.558,14.7,0.5,-4.0,1.3,-2.7,10.59,19.23
sean-obi-1,Sean Obi,duke,2015-16,,SO,6-9,270,,C,10,0,27,0.0,,0.5,0.5,14.8,0.0,0.0,1.5,3.0,7.4,10.4,0.515,12.7,0.1,-5.0,-0.8,-5.8,10.59,19.23
antonio-vrankovic-1,Antonio Vrankovic,duke,2015-16,,FR,7-0,269,,C,5,0,14,0.0,,,1.0,20.0,0.0,2.9,2.9,8.6,11.4,18.1,1.0,17.8,0.0,-6.1,4.7,-1.4,10.59,19.23
nick-pagliuca-1,Nick Pagliuca,duke,2015-16,,JR,6-3,195,,G,10,0,10,0.0,0.0,,0.0,16.0,0.0,4.0,0.0,4.0,0.0,3.5,0.0,10.0,0.0,-7.7,6.6,-1.1,10.59,19.23
brennan-besser-1,Brennan Besser,duke,2015-16,,FR,6-5,190,,G,1,0,1,0.0,0.0,,0.0,0.0,0.0,0.0,0.0,0.0,0.0,-44.6,0.0,50.0,0.0,-33.0,-17.6,-50.6,10.59,19.23
luke-kennard-1,Luke Kennard,duke,2016-17,,SO,6-5,180,21 (2015),G,37,36,1314,2.7,0.438,0.856,0.579,5.7,2.8,0.9,0.4,1.8,22.0,24.4,0.629,24.0,7.1,8.4,2.0,10.3,10.91,21.56
matt-jones-3,Matt Jones,duke,2016-17,,SR,6-5,210,34 (2013),G,37,33,1216,1.6,0.342,0.731,0.504,3.4,2.4,2.1,0.2,1.3,8.5,10.7,0.517,12.0,2.9,1.5,3.9,5.5,10.91,21.56
amile-jefferson-1,Amile Jefferson,duke,2016-17,,SR,6-9,215,21 (2012),F,35,35,1039,0.0,,0.629,0.613,11.3,2.0,0.9,2.5,1.9,14.7,22.8,0.624,17.1,4.9,4.6,3.8,8.4,10.91,21.56
grayson-allen-1,Grayson Allen,duke,2016-17,,JR,6-4,195,24 (2014),G,34,25,1007,3.2,0.365,0.811,0.508,5.0,4.7,1.0,0.1,2.9,19.5,19.2,0.569,25.1,4.2,5.2,0.9,6.2,10.91,21.56
jayson-tatum-1,Jayson Tatum,duke,2016-17,,FR,6-8,205,3 (2016),F,29,27,966,1.7,0.342,0.849,0.507,8.8,2.6,1.6,1.4,3.1,20.2,22.0,0.566,26.2,4.1,4.6,3.2,7.9,10.91,21.56
frank-jackson-2,Frank Jackson,duke,2016-17,,FR,6-3,205,14 (2016),G,36,16,895,2.3,0.395,0.755,0.564,4.0,2.7,0.9,0.1,2.2,17.6,17.0,0.598,21.1,3.3,3.7,1.4,5.1,10.91,21.56
harry-giles-1,Harry Giles,duke,2016-17,,FR,6-10,240,2 (2016),F,26,6,300,0.0,,0.5,0.577,13.3,1.2,1.2,2.3,2.4,13.6,19.8,0.57,17.9,1.2,1.5,2.9,4.4,10.91,21.56
chase-jeter-1,Chase Jeter,duke,2016-17,,SO,6-10,240,14 (2015),C,16,6,238,0.0,,0.556,0.5,7.2,1.0,1.2,2.9,2.9,6.9,10.0,0.528,11.7,0.4,-1.4,4.2,2.8,10.91,21.56
marques-bolden-1,Marques Bolden,duke,2016-17,,FR,6-11,250,11 (2016),C,24,1,157,0.0,,0.625,0.457,6.6,0.5,0.5,1.8,2.8,9.4,7.2,0.477,15.8,0.2,-4.6,1.5,-3.1,10.91,21.56
antonio-vrankovic-1,Antonio Vrankovic,duke,2016-17,,SO,7-0,269,,C,13,0,101,0.0,,0.636,0.684,13.5,2.0,0.0,1.6,2.8,13.1,20.3,0.681,15.4,0.5,1.7,1.8,3.5,10.91,21.56
javin-delaurier-1,Javin DeLaurier,duke,2016-17,,FR,6-10,237,35 (2016),F,12,0,86,0.0,0.0,0.25,0.818,10.7,0.5,1.9,1.9,3.7,8.8,12.2,0.736,12.1,0.2,-3.5,4.4,0.9,10.91,21.56
jack-white-1,Jack White,duke,2016-17,,FR,6-7,222,,F,10,0,61,0.7,0.5,0.8,0.722,8.5,0.7,0.7,1.3,2.6,13.8,17.5,0.764,14.5,0.2,1.2,2.9,4.1,10.91,21.56
justin-robinson-4,Justin Robinson,duke,2016-17,,FR,6-9,202,,F,6,0,10,0.0,,0.5,,4.0,0.0,0.0,0.0,0.0,4.0,4.9,0.526,4.7,0.0,-0.7,1.7,1.0,10.91,21.56
nick-pagliuca-1,Nick Pagliuca,duke,2016-17,,SR,6-3,195,,G,5,0,8,0.0,0.0,,0.0,0.0,10.0,0.0,0.0,0.0,0.0,-1.2,0.0,12.5,0.0,-2.8,-1.6,-4.4,10.91,21.56
brennan-besser-1,Brennan Besser,duke,2016-17,,SO,6-5,190,,G,1,0,2,0.0,0.0,,0.0,0.0,0.0,0.0,0.0,0.0,0.0,-30.4,0.0,25.0,0.0,-27.5,-3.8,-31.4,10.91,21.56
grayson-allen-1,Grayson Allen,duke,2017-18,,SR,6-4,195,24 (2014),G,37,37,1319,3.1,0.37,0.85,0.536,3.7,5.2,1.9,0.1,2.4,17.3,18.8,0.58,20.7,5.9,5.0,3.4,8.4,9.7,24.43
gary-trentjr-1,Gary Trent Jr.,duke,2017-18,,FR,6-6,209,14 (2017),G,37,37,1253,3.1,0.402,0.876,0.528,5.0,1.7,1.4,0.2,1.2,17.1,16.7,0.567,19.5,5.1,4.4,2.6,7.0,9.7,24.43
marvin-bagleyiii-1,Marvin Bagley III,duke,2017-18,,FR,6-11,234,1 (2017),F,33,32,1118,0.8,0.397,0.627,0.64,13.1,1.8,1.0,1.0,2.7,24.8,30.6,0.643,26.3,6.9,8.8,2.0,10.8,9.7,24.43
trevon-duval-1,Trevon Duval,duke,2017-18,,FR,6-3,186,5 (2017),G,37,34,1103,1.1,0.29,0.596,0.473,2.6,7.5,2.0,0.2,3.7,13.8,13.7,0.489,21.3,3.0,1.1,2.1,3.2,9.7,24.43
wendell-carterjr-1,Wendell Carter Jr.,duke,2017-18,,FR,6-10,259,7 (2017),F,37,37,997,0.8,0.413,0.738,0.591,13.4,3.0,1.2,3.0,3.0,20.1,28.2,0.628,22.8,5.9,6.3,5.1,11.4,9.7,24.43
javin-delaurier-1,Javin DeLaurier,duke,2017-18,,SO,6-10,237,35 (2016),F,33,5,419,0.1,0.125,0.553,0.65,12.5,1.5,2.0,1.8,2.2,10.7,18.4,0.636,12.5,1.8,1.4,4.8,6.1,9.7,24.43
alex-oconnell-1,Alex O'Connell,duke,2017-18,,FR,6-6,180,69 (2017),G,36,1,373,2.4,0.489,0.737,0.602,5.4,2.0,1.2,0.4,1.7,12.9,14.8,0.618,14.3,1.3,3.6,2.4,6.0,9.7,24.43
marques-bolden-1,Marques Bolden,duke,2017-18,,SO,6-11,250,11 (2016),C,29,2,373,0.0,,0.593,0.615,11.2,1.8,1.0,3.0,1.7,12.0,19.8,0.617,13.5,1.6,2.9,4.8,7.7,9.7,24.43
jordan-goldwire-1,Jordan Goldwire,duke,2017-18,,FR,6-2,184,,G,26,0,169,1.2,0.263,0.75,0.411,2.8,5.7,2.1,0.0,1.7,6.2,8.7,0.435,10.3,0.4,-1.9,3.7,1.8,9.7,24.43
jack-white-1,Jack White,duke,2017-18,,SO,6-7,222,,F,28,0,159,0.5,0.167,1.0,0.455,10.6,1.8,1.8,1.5,1.8,5.5,11.4,0.479,8.9,0.4,0.9,5.3,6.3,9.7,24.43
justin-robinson-4,Justin Robinson,duke,2017-18,,SO,6-9,202,,F,17,0,82,2.9,0.353,0.25,0.579,5.4,1.0,0.0,4.4,2.4,11.2,10.5,0.55,15.1,0.2,-0.5,3.4,2.9,9.7,24.43
antonio-vrankovic-1,Antonio Vrankovic,duke,2017-18,,JR,7-0,269,,C,14,0,66,0.0,,0.5,0.5,9.1,4.2,0.0,1.2,2.4,8.5,10.6,0.504,12.9,0.2,-1.8,2.7,0.9,9.7,24.43
jordan-tucker-1,Jordan Tucker,duke,2017-18,,FR,6-7,220,59 (2017),F,2,0,14,2.9,0.5,0.5,0.625,2.9,0.0,0.0,0.0,5.7,17.1,6.4,0.606,23.7,0.0,-4.3,-1.3,-5.6,9.7,24.43
mike-buckmire-1,Mike Buckmire,duke,2017-18,,FR,6-2,175,,G,4,0,5,0.0,,1.0,0.5,16.0,8.0,0.0,0.0,0.0,24.0,32.0,0.606,23.6,0.0,-4.6,4.7,0.0,9.7,24.43
rj-barrett-1,R.J. Barrett,duke,2018-19,,FR,6-7,202,1 (2018),F,38,38,1341,2.2,0.308,0.665,0.506,8.6,4.9,1.0,0.5,3.7,25.7,23.3,0.532,32.2,6.5,6.5,2.1,8.6,11.97,26.9
tre-jones-1,Tre Jones,duke,2018-19,,FR,6-3,185,13 (2018),G,36,36,1230,0.9,0.262,0.758,0.456,4.4,6.2,2.2,0.2,1.7,11.0,15.4,0.485,15.1,4.6,2.2,4.2,6.5,11.97,26.9
cam-reddish-1,Cam Reddish,duke,2018-19,,FR,6-8,218,2 (2018),F,36,35,1069,3.3,0.333,0.772,0.459,5.0,2.6,2.1,0.8,3.6,18.1,13.6,0.499,25.3,3.0,1.3,3.2,4.5,11.97,26.9
zion-williamson-1,Zion Williamson,duke,2018-19,,FR,6-7,285,4 (2018),F,33,33,990,1.0,0.338,0.64,0.708,11.8,2.7,2.8,2.4,3.2,30.1,40.8,0.702,28.6,8.3,13.4,6.7,20.1,11.97,26.9
jack-white-1,Jack White,duke,2018-19,,JR,6-7,222,,F,35,3,716,1.5,0.278,0.852,0.462,9.3,1.5,1.2,2.1,1.3,8.0,12.5,0.501,10.8,2.4,1.8,4.5,6.3,11.97,26.9
marques-bolden-1,Marques Bolden,duke,2018-19,,JR,6-11,250,11 (2016),C,35,21,665,0.0,0.0,0.726,0.579,9.4,1.0,1.1,3.5,1.5,11.1,18.8,0.622,12.1,3.0,2.3,4.7,7.0,11.97,26.9
javin-delaurier-1,Javin DeLaurier,duke,2018-19,,JR,6-10,237,35 (2016),F,38,16,618,0.0,0.0,0.56,0.747,10.7,1.1,2.1,3.2,2.1,9.4,18.5,0.71,10.1,2.7,1.5,6.5,8.0,11.97,26.9
alex-oconnell-1,Alex O'Connell,duke,2018-19,,SO,6-6,180,69 (2017),G,36,7,505,2.4,0.375,0.76,0.569,5.3,1.7,1.6,0.0,2.3,12.6,12.6,0.589,15.1,1.5,1.8,3.0,4.8,11.97,26.9
jordan-goldwire-1,Jordan Goldwire,duke,2018-19,,SO,6-2,184,,G,35,0,301,0.4,0.12,0.5,0.307,3.6,3.1,2.7,0.0,1.6,4.0,5.0,0.32,9.1,0.5,-4.0,5.4,1.5,11.97,26.9
antonio-vrankovic-1,Antonio Vrankovic,duke,2018-19,,SR,7-0,269,,C,17,1,88,0.0,,0.563,0.5,10.0,2.7,0.9,2.3,1.4,10.5,17.8,0.532,13.0,0.4,1.0,3.5,4.5,11.97,26.9
justin-robinson-4,Justin Robinson,duke,2018-19,,JR,6-9,202,,F,17,0,58,2.8,0.444,0.0,0.769,6.2,0.7,1.4,2.8,2.1,13.8,17.2,0.742,13.2,0.2,0.9,4.4,5.3,11.97,26.9
joey-baker-1,Joey Baker,duke,2018-19,,FR,6-6,201,37 (2018),F,4,0,18,2.2,0.5,,0.375,8.9,0.0,0.0,2.2,4.4,6.7,-0.6,0.375,15.5,0.0,-9.0,0.8,-8.3,11.97,26.9
mike-buckmire-1,Mike Buckmire,duke,2018-19,,SO,6-2,175,,G,4,0,13,0.0,,,0.0,12.3,3.1,0.0,0.0,3.1,0.0,0.8,0.0,10.7,0.0,-3.6,-0.6,-4.2,11.97,26.9
brennan-besser-1,Brennan Besser,duke,2018-19,,SR,6-5,190,,G,4,0,12,0.0,0.0,1.0,0.167,10.0,3.3,0.0,0.0,3.3,13.3,4.3,0.288,30.7,0.0,-9.0,-4.6,-13.6,11.97,26.9
tre-jones-1,Tre Jones,duke,2019-20,,SO,6-3,185,13 (2018),G,29,29,1028,1.5,0.361,0.771,0.474,4.8,7.2,2.0,0.4,3.0,18.3,21.2,0.524,24.0,4.9,5.1,3.1,8.2,8.0,22.55
cassius-stanley-1,Cassius Stanley,duke,2019-20,,FR,6-6,193,33 (2019),G,29,29,796,1.6,0.36,0.733,0.531,7.1,1.5,1.0,1.1,2.7,18.3,18.5,0.569,21.9,3.3,3.6,1.9,5.4,8.0,22.55
vernon-careyjr-1,Vernon Carey Jr.,duke,2019-20,,FR,6-10,270,5 (2019),C,31,30,772,0.4,0.381,0.67,0.588,14.1,1.6,1.1,2.5,3.3,28.6,34.1,0.615,31.0,5.6,7.9,3.4,11.3,8.0,22.55
jordan-goldwire-1,Jordan Goldwire,duke,2019-20,,JR,6-2,184,,G,31,15,747,0.9,0.354,0.636,0.559,4.1,3.7,2.5,0.3,1.5,7.9,13.0,0.568,9.8,2.5,1.4,5.1,6.5,8.0,22.55
matthew-hurt-1,Matthew Hurt,duke,2019-20,,FR,6-9,235,12 (2019),F,31,22,637,2.6,0.393,0.741,0.58,7.3,1.7,0.9,1.4,1.7,19.0,21.6,0.6,20.4,3.3,5.8,2.0,7.8,8.0,22.55
wendell-moorejr-1,Wendell Moore Jr.,duke,2019-20,,FR,6-5,216,25 (2019),F,25,11,600,0.3,0.211,0.806,0.429,7.1,3.1,1.5,0.4,4.1,12.4,11.7,0.5,19.2,1.4,-0.4,2.2,1.8,8.0,22.55
jack-white-1,Jack White,duke,2019-20,,SR,6-7,222,,F,30,7,468,1.5,0.327,0.722,0.494,7.4,2.0,1.9,1.9,1.9,7.9,12.2,0.519,11.0,1.5,1.6,4.9,6.5,8.0,22.55
javin-delaurier-1,Javin DeLaurier,duke,2019-20,,SR,6-10,237,35 (2016),F,31,2,410,0.1,0.167,0.667,0.561,10.7,1.6,1.9,2.6,2.2,10.6,17.1,0.589,13.2,1.7,0.7,5.5,6.1,8.0,22.55
alex-oconnell-1,Alex O'Connell,duke,2019-20,,JR,6-6,180,69 (2017),G,29,6,386,2.2,0.273,0.579,0.476,6.7,2.3,2.3,0.2,2.2,15.8,15.4,0.484,21.6,1.3,1.3,2.9,4.2,8.0,22.55
joey-baker-1,Joey Baker,duke,2019-20,,SO,6-6,201,37 (2018),F,28,3,338,3.3,0.394,0.917,0.525,2.8,2.5,1.7,0.7,1.8,16.4,14.1,0.544,19.7,1.3,1.1,3.0,4.1,8.0,22.55
justin-robinson-4,Justin Robinson,duke,2019-20,,SR,6-9,202,,F,15,1,102,3.5,0.429,0.5,0.661,8.6,2.7,2.0,6.7,1.2,16.5,28.3,0.657,16.0,0.7,6.6,8.7,15.3,8.0,22.55
mike-buckmire-1,Mike Buckmire,duke,2019-20,,JR,6-2,175,,G,8,0,16,0.0,0.0,,0.2,17.5,2.5,0.0,0.0,2.5,5.0,2.6,0.2,17.5,0.0,-6.3,-0.3,-6.5,8.0,22.55
keenan-worthington-1,Keenan Worthington,duke,2019-20,,FR,6-9,225,,F,0,0,0,,,,,,,,,,,,,,,,,,8.0,22.55
michael-savarino-1,Michael Savarino,duke,2019-20,,FR,6-0,185,,G,0,0,0,,,,,,,,,,,,,,,,,,8.0,22.55
matthew-hurt-1,Matthew Hurt,duke,2020-21,,SO,6-9,235,12 (2019),F,24,23,784,2.9,0.444,0.724,0.651,7.6,1.7,0.9,0.9,1.4,22.4,26.3,0.663,22.8,4.3,8.5,1.5,9.9,8.33,13.04
dj-steward-1,DJ Steward,duke,2020-21,,FR,6-2,163,24 (2020),G,24,22,739,2.3,0.341,0.811,0.508,5.0,3.1,1.4,0.8,2.6,16.9,17.5,0.538,22.8,2.1,3.8,0.7,4.5,8.33,13.04
jordan-goldwire-1,Jordan Goldwire,duke,2020-21,,SR,6-2,184,,G,24,12,685,1.1,0.333,0.737,0.446,4.1,5.6,3.1,0.1,2.0,8.1,13.6,0.466,13.3,1.7,0.3,4.2,4.6,8.33,13.04
wendell-moorejr-1,Wendell Moore Jr.,duke,2020-21,,SO,6-5,216,25 (2019),F,24,18,662,1.3,0.301,0.848,0.471,6.9,3.9,1.8,0.2,2.9,14.1,15.3,0.511,20.7,1.7,1.2,1.5,2.7,8.33,13.04
jeremy-roach-2,Jeremy Roach,duke,2020-21,,FR,6-1,175,20 (2020),G,24,18,658,1.6,0.313,0.675,0.532,3.2,4.0,1.2,0.1,2.9,12.7,11.7,0.55,17.9,1.3,0.0,0.2,0.1,8.33,13.04
mark-williams-7,Mark Williams,duke,2020-21,,FR,7-0,243,25 (2020),C,23,15,350,0.0,,0.537,0.664,11.8,1.9,1.5,3.7,2.3,18.7,30.2,0.648,20.8,1.9,6.0,3.7,9.7,8.33,13.04
jalen-johnson-24,Jalen Johnson,duke,2020-21,,FR,6-9,220,11 (2020),F,13,8,278,1.2,0.444,0.632,0.56,11.4,4.2,2.2,2.3,4.7,21.0,25.8,0.575,28.6,1.1,4.3,4.2,8.5,8.33,13.04
jaemyn-brakefield-1,Jaemyn Brakefield,duke,2020-21,,FR,6-8,216,33 (2020),F,22,2,275,1.6,0.314,0.417,0.48,8.1,1.5,1.2,1.3,1.5,11.3,12.7,0.477,16.6,0.6,0.5,1.4,1.9,8.33,13.04
joey-baker-1,Joey Baker,duke,2020-21,,JR,6-6,201,37 (2018),F,23,1,265,2.4,0.314,0.75,0.423,4.1,1.4,1.2,0.9,2.7,10.0,5.7,0.441,17.4,0.1,-2.0,0.1,-1.9,8.33,13.04
henry-coleman-iii-1,Henry Coleman III,duke,2020-21,,FR,6-7,229,49 (2020),F,19,0,95,0.0,0.0,0.2,0.5,10.9,1.3,1.3,2.5,2.1,8.8,16.1,0.469,14.3,0.2,0.6,0.7,1.3,8.33,13.04
patrick-tape-1,Patrick Tape,duke,2020-21,,SR,6-9,233,,F,10,1,45,0.0,,0.25,0.385,9.8,2.7,4.4,1.8,3.6,9.8,12.8,0.369,20.9,0.1,-5.3,5.1,-0.2,8.33,13.04
keenan-worthington-1,Keenan Worthington,duke,2020-21,,SO,6-9,225,,F,2,0,5,0.0,,0.5,0.5,16.0,0.0,0.0,0.0,0.0,24.0,36.3,0.508,29.3,0.0,10.1,-9.2,0.9,8.33,13.04
mike-buckmire-1,Mike Buckmire,duke,2020-21,,SR,6-2,175,,G,4,0,5,0.0,,,0.333,8.0,0.0,0.0,0.0,8.0,16.0,-1.2,0.333,39.8,0.0,-7.4,-10.2,-17.6,8.33,13.04
michael-savarino-1,Michael Savarino,duke,2020-21,,SO,6-0,185,,G,2,0,4,0.0,0.0,0.5,0.0,10.0,10.0,0.0,0.0,0.0,10.0,14.1,0.256,24.2,0.0,2.1,-2.3,-0.1,8.33,13.04
wendell-moorejr-1,Wendell Moore Jr.,duke,2021-22,,JR,6-5,216,25 (2019),F,39,39,1324,1.6,0.413,0.805,0.569,6.3,5.2,1.7,0.2,2.3,15.8,21.4,0.605,19.5,6.2,5.3,2.6,7.9,7.26,19.55
paolo-banchero-1,Paolo Banchero,duke,2021-22,,FR,6-10,250,2 (2021),F,39,39,1286,1.4,0.338,0.729,0.52,9.5,3.9,1.3,1.1,2.9,20.9,24.2,0.557,27.5,6.1,5.4,2.3,7.7,7.26,19.55
jeremy-roach-2,Jeremy Roach,duke,2021-22,,SO,6-1,175,20 (2020),G,39,27,1145,1.4,0.322,0.763,0.477,3.3,4.3,1.2,0.1,2.2,11.7,11.7,0.515,17.3,2.7,0.1,1.2,1.3,7.26,19.55
trevor-keels-1,Trevor Keels,duke,2021-22,,FR,6-4,221,19 (2021),G,36,26,1087,2.0,0.312,0.67,0.496,4.6,3.6,1.6,0.1,1.7,15.2,16.5,0.52,20.7,3.7,2.7,1.5,4.2,7.26,19.55
aj-griffin-1,AJ Griffin,duke,2021-22,,FR,6-6,222,18 (2021),F,39,25,935,3.0,0.447,0.792,0.613,6.5,1.6,0.9,0.9,1.1,17.3,20.7,0.63,18.8,4.2,6.6,1.5,8.1,7.26,19.55
mark-williams-7,Mark Williams,duke,2021-22,,SO,7-0,243,25 (2020),C,39,39,922,0.0,0.0,0.727,0.721,12.5,1.5,0.8,4.8,1.6,19.0,33.1,0.726,18.6,6.3,7.8,4.8,12.5,7.26,19.55
theo-john-2,Theo John,duke,2021-22,,SR,6-9,255,,F,38,0,428,0.0,0.0,0.625,0.605,9.0,1.5,1.6,3.1,1.6,10.0,17.4,0.612,12.4,1.7,0.3,4.9,5.1,7.26,19.55
joey-baker-1,Joey Baker,duke,2021-22,,SR,6-6,201,37 (2018),F,34,0,406,3.0,0.405,0.778,0.559,3.9,1.4,1.3,0.1,1.8,15.1,13.6,0.585,18.6,1.2,0.8,0.8,1.6,7.26,19.55
bates-jones-1,Bates Jones,duke,2021-22,,SR,6-8,225,,F,27,0,142,2.5,0.31,1.0,0.515,8.2,3.1,0.6,0.8,1.7,11.0,15.1,0.543,15.0,0.5,3.3,0.8,4.2,7.26,19.55
jaylen-blakes-1,Jaylen Blakes,duke,2021-22,,FR,6-1,208,,G,21,0,94,2.1,0.294,0.0,0.375,6.4,4.7,1.7,0.0,3.4,8.9,6.1,0.369,19.7,0.1,-5.0,0.3,-4.7,7.26,19.55
michael-savarino-1,Michael Savarino,duke,2021-22,,JR,6-0,185,,G,11,0,25,6.4,0.444,,0.6,8.0,0.0,1.6,0.0,1.6,19.2,18.9,0.6,22.4,0.1,3.3,0.6,4.0,7.26,19.55
keenan-worthington-1,Keenan Worthington,duke,2021-22,,JR,6-9,225,,F,9,0,24,0.0,,0.25,0.5,20.0,0.0,0.0,0.0,0.0,5.0,13.4,0.385,8.3,0.1,0.9,-2.1,-1.2,7.26,19.55
spencer-hubbard-1,Spencer Hubbard,duke,2021-22,,SO,5-8,160,,G,3,0,6,0.0,,0.5,,6.7,0.0,0.0,0.0,0.0,6.7,5.2,0.526,8.1,0.0,-7.7,0.4,-7.4,7.26,19.55
stanley-borden-1,Stanley Borden,duke,2021-22,,FR,7-0,240,,C,1,0,1,0.0,,,,40.0,0.0,0.0,0.0,0.0,0.0,45.9,,0.0,0.0,18.0,-14.2,3.8,7.26,19.55
jeremy-roach-2,Jeremy Roach,duke,2022-23,,JR,6-1,175,20 (2020),G,32,30,1062,1.7,0.343,0.78,0.489,3.0,3.7,1.1,0.0,2.7,16.4,14.4,0.524,23.6,3.2,1.7,1.4,3.1,7.44,15.83
tyrese-proctor-1,Tyrese Proctor,duke,2022-23,,FR,6-5,175,97 (2022),G,36,34,1059,1.8,0.32,0.871,0.459,4.2,4.5,0.8,0.2,2.2,12.8,12.8,0.504,19.2,3.1,1.3,2.0,3.3,7.44,15.83
kyle-filipowski-1,Kyle Filipowski,duke,2022-23,,FR,7-0,230,4 (2022),C,36,36,1047,1.3,0.282,0.765,0.481,12.3,2.1,1.8,1.0,3.4,20.7,23.2,0.533,29.6,4.8,4.0,3.4,7.5,7.44,15.83
mark-mitchell-4,Mark Mitchell,duke,2022-23,,FR,6-8,220,22 (2022),F,35,35,948,0.8,0.352,0.763,0.508,6.7,1.8,0.9,0.8,1.9,13.4,15.9,0.554,18.1,3.2,2.4,2.5,4.9,7.44,15.83
dereck-lively-ii-1,Dereck Lively II,duke,2022-23,,FR,7-1,230,2 (2022),C,34,27,700,0.1,0.154,0.6,0.667,10.5,2.1,1.0,4.7,1.3,10.1,22.6,0.662,11.6,3.5,2.5,6.8,9.3,7.44,15.83
ryan-young-2,Ryan Young,duke,2022-23,,SR,6-10,245,,C,36,9,635,0.0,,0.813,0.685,12.5,3.0,0.6,1.1,2.6,14.5,24.2,0.717,16.4,3.5,4.5,3.3,7.8,7.44,15.83
dariq-whitehead-1,Dariq Whitehead,duke,2022-23,,FR,6-7,220,1 (2022),F,28,7,577,2.9,0.429,0.793,0.528,4.7,1.9,1.5,0.4,2.7,16.0,14.1,0.548,22.4,1.7,1.6,2.3,4.0,7.44,15.83
jacob-grandison-1,Jacob Grandison,duke,2022-23,,SR,6-6,205,,G,36,0,571,2.2,0.337,0.889,0.518,5.0,3.3,1.0,0.1,1.3,11.1,13.1,0.543,14.9,1.9,1.7,2.7,4.4,7.44,15.83
jaylen-blakes-1,Jaylen Blakes,duke,2022-23,,SO,6-1,208,,G,32,2,421,1.4,0.341,0.649,0.435,4.5,3.8,1.7,0.5,1.8,10.0,11.3,0.475,15.9,1.2,-1.2,4.0,2.8,7.44,15.83
jaden-schutt-1,Jaden Schutt,duke,2022-23,,FR,6-5,185,59 (2022),G,14,0,96,2.9,0.35,0.5,0.482,6.3,2.5,0.4,0.8,0.0,12.1,14.4,0.485,16.1,0.4,1.8,1.5,3.3,7.44,15.83
christian-reeves-1,Christian Reeves,duke,2022-23,,FR,7-1,245,,C,13,0,42,0.0,,0.667,0.727,11.4,1.0,1.0,0.0,2.9,19.0,28.3,0.722,20.7,0.2,5.2,-0.6,4.6,7.44,15.83
kate-catchings-1,Kale Catchings,duke,2022-23,,SR,6-6,220,,F,10,0,33,0.0,0.0,0.0,0.444,9.7,2.4,1.2,1.2,1.2,9.7,13.4,0.384,17.9,0.1,-1.2,1.5,0.3,7.44,15.83
max-johns-1,Max Johns,duke,2022-23,,SR,6-3,195,,G,9,0,26,0.0,,,0.0,6.2,3.1,3.1,0.0,3.1,0.0,2.0,0.0,7.9,0.0,-6.8,5.5,-1.4,7.44,15.83
spencer-hubbard-1,Spencer Hubbard,duke,2022-23,,JR,5-8,160,,G,3,0,9,0.0,0.0,,0.0,4.4,0.0,4.4,0.0,8.9,0.0,-19.7,0.0,22.9,-0.1,-25.6,1.4,-24.2,7.44,15.83
stanley-borden-1,Stanley Borden,duke,2022-23,,SO,7-0,240,,C,1,0,2,0.0,,,,20.0,0.0,0.0,0.0,0.0,0.0,8.6,,0.0,0.0,-0.9,3.6,2.6,7.44,15.83
jeremy-roach-2,Jeremy Roach,duke,2023-24,,SR,6-1,175,20 (2020),G,35,33,1144,1.9,0.429,0.844,0.544,3.1,4.0,1.4,0.2,1.7,17.1,18.3,0.592,20.7,5.0,4.5,2.6,7.2,8.36,20.67
jared-mccain-2,Jared McCain,duke,2023-24,,FR,6-3,197,12 (2023),G,36,36,1137,3.1,0.414,0.885,0.577,6.4,2.4,1.3,0.1,1.7,18.1,19.4,0.611,21.1,5.2,6.0,2.6,8.5,8.36,20.67
kyle-filipowski-1,Kyle Filipowski,duke,2023-24,,SO,7-0,230,4 (2022),C,36,36,1095,1.4,0.348,0.671,0.549,10.9,3.7,1.5,2.0,2.8,21.6,26.0,0.573,27.7,6.0,6.6,4.5,11.1,8.36,20.67
tyrese-proctor-1,Tyrese Proctor,duke,2023-24,,SO,6-5,175,97 (2022),G,32,25,974,2.4,0.352,0.755,0.525,3.9,4.8,0.9,0.1,1.6,13.8,14.4,0.545,18.3,3.3,3.3,2.2,5.4,8.36,20.67
mark-mitchell-4,Mark Mitchell,duke,2023-24,,SO,6-8,220,22 (2022),F,33,32,945,0.5,0.275,0.623,0.562,8.3,1.5,1.1,1.0,1.6,16.2,20.0,0.583,19.9,4.2,4.3,2.4,6.7,8.36,20.67
caleb-foster-2,Caleb Foster,duke,2023-24,,FR,6-5,197,17 (2023),G,27,15,685,1.6,0.406,0.688,0.521,3.8,3.4,0.9,0.1,1.7,12.1,11.7,0.545,16.4,2.0,0.9,1.8,2.7,8.36,20.67
ryan-young-2,Ryan Young,duke,2023-24,,SR,6-10,245,,C,36,2,424,0.0,0.0,0.629,0.582,11.7,2.8,0.9,1.6,2.7,9.4,15.6,0.598,13.6,1.6,0.9,3.7,4.7,8.36,20.67
jaylen-blakes-1,Jaylen Blakes,duke,2023-24,,JR,6-1,208,,G,31,1,285,0.7,0.263,0.941,0.456,3.6,1.8,2.9,0.7,1.1,8.0,11.6,0.537,11.0,0.9,-1.1,6.1,5.0,8.36,20.67
sean-stewart-2,Sean Stewart,duke,2023-24,,FR,6-9,227,15 (2023),F,33,0,275,0.0,,0.536,0.571,15.3,1.0,2.5,2.3,1.9,12.7,22.5,0.57,16.7,1.4,1.3,4.2,5.5,8.36,20.67
tj-power-2,TJ Power,duke,2023-24,,FR,6-9,216,21 (2023),F,26,0,181,3.3,0.357,0.857,0.48,4.2,1.1,1.1,0.7,0.9,12.2,10.8,0.506,16.5,0.5,1.3,0.9,2.2,8.36,20.67
spencer-hubbard-1,Spencer Hubbard,duke,2023-24,,SR,5-8,160,,G,10,0,22,1.8,0.25,0.5,0.417,5.5,3.6,0.0,0.0,1.8,10.9,1.6,0.432,18.5,0.0,-12.1,0.3,-11.8,8.36,20.67
neal-begovich-1,Neal Begovich,duke,2023-24,,SR,6-9,225,,F,8,0,17,0.0,0.0,1.0,0.0,9.4,0.0,0.0,0.0,0.0,4.7,1.3,0.202,14.9,0.0,-5.9,-4.0,-9.9,8.36,20.67
christian-reeves-1,Christian Reeves,duke,2023-24,,SO,7-1,245,,C,3,0,16,0.0,,0.5,0.667,12.5,0.0,0.0,2.5,5.0,12.5,10.2,0.633,19.1,0.0,-5.6,1.8,-3.8,8.36,20.67
kon-knueppel-1,Kon Knueppel,duke,2024-25,,FR,6-7,217,14 (2024),G,39,39,1189,2.8,0.406,0.914,0.59,5.2,3.6,1.3,0.2,1.8,18.9,21.3,0.642,21.4,6.9,6.9,3.9,10.8,10.26,30.72
tyrese-proctor-1,Tyrese Proctor,duke,2024-25,,JR,6-5,175,97 (2022),G,38,38,1137,3.1,0.405,0.68,0.574,4.0,3.0,1.1,0.1,1.4,16.5,16.1,0.587,20.1,5.0,4.4,3.1,7.4,10.26,30.72
cooper-flagg-1,Cooper Flagg,duke,2024-25,,FR,6-9,205,1 (2024),F,37,37,1135,1.8,0.385,0.84,0.533,9.8,5.5,1.8,1.8,2.7,25.0,30.4,0.593,30.9,8.4,9.7,6.7,16.3,10.26,30.72
sion-james-1,Sion James,duke,2024-25,,SR,6-5,185,,G,39,32,996,1.2,0.413,0.81,0.588,6.5,4.6,1.3,0.4,1.9,13.5,17.9,0.635,16.2,5.1,4.3,4.9,9.3,10.26,30.72
khaman-maluach-1,Khaman Maluach,duke,2024-25,,FR,7-2,250,51 (2024),C,39,39,828,0.2,0.25,0.766,0.723,12.4,1.0,0.4,2.5,1.4,16.2,25.5,0.736,16.1,5.4,6.2,3.6,9.9,10.26,30.72
mason-gillis-1,Mason Gillis,duke,2024-25,,SR,6-6,230,,F,37,0,545,2.4,0.34,0.826,0.55,7.0,2.2,1.3,0.0,1.1,11.2,13.3,0.576,14.0,2.3,2.7,4.0,6.8,10.26,30.72
caleb-foster-2,Caleb Foster,duke,2024-25,,SO,6-5,197,17 (2023),G,38,7,532,1.9,0.342,0.629,0.491,4.9,4.1,1.7,0.2,2.4,14.1,13.4,0.506,21.1,1.8,0.6,4.0,4.6,10.26,30.72
isaiah-evans-1,Isaiah Evans,duke,2024-25,,FR,6-6,175,16 (2024),G,36,3,495,5.0,0.416,0.813,0.601,3.3,1.5,0.6,0.2,1.3,19.9,16.7,0.621,22.4,2.2,5.6,1.7,7.2,10.26,30.72
maliq-brown-1,Maliq Brown,duke,2024-25,,JR,6-8,213,,F,26,0,410,0.4,0.333,0.375,0.707,9.3,3.9,3.2,0.9,2.3,6.2,16.4,0.658,9.2,1.9,3.4,8.1,11.5,10.26,30.72
patrick-ngongba-2,Patrick Ngongba,duke,2024-25,,FR,6-11,250,24 (2024),C,30,0,316,0.0,0.0,0.727,0.719,10.1,2.9,1.4,2.0,0.9,14.7,24.7,0.728,14.2,2.2,4.9,6.4,11.3,10.26,30.72
darren-harris-1,Darren Harris,duke,2024-25,,FR,6-6,203,35 (2024),G,21,0,128,1.6,0.227,0.5,0.427,7.5,2.2,0.9,0.0,0.3,13.4,13.8,0.442,20.1,0.5,0.4,1.8,2.2,10.26,30.72
cameron-sheffield-1,Cameron Sheffield,duke,2024-25,,JR,6-6,180,,G,13,0,30,1.3,0.2,0.5,0.25,6.7,2.7,0.0,0.0,1.3,6.7,5.2,0.316,15.4,0.0,-1.0,0.0,-1.1,10.26,30.72
neal-begovich-1,Neal Begovich,duke,2024-25,,SR,6-9,225,,F,11,0,26,1.5,0.333,,0.7,13.8,3.1,4.6,0.0,1.5,10.8,23.2,0.7,12.0,0.2,3.9,9.9,13.9,10.26,30.72
spencer-hubbard-1,Spencer Hubbard,duke,2024-25,,SR,5-8,160,,G,12,0,25,4.8,0.6,,0.591,3.2,4.8,3.2,0.0,3.2,20.8,21.2,0.591,27.0,0.1,3.4,4.9,8.2,10.26,30.72
stanley-borden-1,Stanley Borden,duke,2024-25,,SR,7-0,240,,C,3,0,7,0.0,,,0.0,5.7,0.0,0.0,5.7,11.4,0.0,-17.5,0.0,22.2,-0.1,-19.9,3.5,-16.4,10.26,30.72
