Player,Age,Team,Pos,G,GS,MP,FG,FGA,fg_pct,three_p,three_pa,three_p_pct,two_p,two_pa,two_p_pct,efg_pct,FT,FTA,ft_pct,ORB,DRB,TRB,AST,STL,BLK,TOV,PF,PTS,season
Giannis Antetokounmpo,31,MIL,PF,36,36,28.9,10.4,16.6,0.624,0.4,1.3,0.333,9.9,15.4,0.647,0.636,6.4,9.9,0.65,2.7,7.1,9.8,5.4,0.9,0.7,3.2,2.4,27.6,2025-26
Deni Avdija,25,POR,SF,66,66,33.3,7.5,16.1,0.462,1.9,6.0,0.318,5.6,10.2,0.547,0.521,7.4,9.2,0.802,1.1,5.8,6.9,6.7,0.8,0.6,3.8,2.5,24.2,2025-26
Nickeil Alexander-Walker,27,ATL,SG,78,71,33.4,7.0,15.3,0.459,3.2,8.1,0.399,3.8,7.3,0.525,0.564,3.6,3.9,0.902,0.7,2.8,3.4,3.7,1.3,0.5,2.1,2.2,20.8,2025-26
Bam Adebayo,28,MIA,C,73,73,32.4,6.9,15.7,0.442,1.7,5.5,0.318,5.2,10.2,0.509,0.497,4.5,5.8,0.778,2.0,8.0,10.0,3.2,1.2,0.7,1.6,1.7,20.1,2025-26
LaMelo Ball,24,CHO,PG,72,69,28.0,7.0,17.3,0.407,3.8,10.3,0.368,3.3,7.0,0.464,0.516,2.2,2.5,0.899,0.9,3.9,4.8,7.1,1.2,0.2,2.8,2.7,20.1,2025-26
OG Anunoby,28,NYK,PF,67,67,33.2,5.8,12.0,0.484,2.3,6.1,0.386,3.5,5.9,0.584,0.581,2.7,3.3,0.828,1.3,4.0,5.2,2.2,1.6,0.7,1.8,2.4,16.7,2025-26
Grayson Allen,30,PHO,SG,51,27,28.8,5.3,13.1,0.403,3.1,8.9,0.349,2.2,4.2,0.519,0.522,2.8,3.3,0.857,0.7,2.3,3.0,3.8,1.4,0.3,1.6,2.3,16.5,2025-26
Jarrett Allen,27,CLE,C,56,56,27.1,6.0,9.4,0.638,0.0,0.2,0.1,6.0,9.3,0.649,0.639,3.3,4.7,0.709,2.6,5.9,8.5,1.8,1.0,0.8,1.3,1.7,15.4,2025-26
Santi Aldama,25,MEM,PF,43,11,27.9,5.3,11.1,0.479,1.6,4.7,0.35,3.7,6.4,0.572,0.553,1.8,2.7,0.667,1.6,5.1,6.7,2.9,0.9,0.7,1.3,1.6,14.0,2025-26
Ace Bailey,19,UTA,SF,72,61,27.6,5.5,12.4,0.443,1.9,5.5,0.344,3.6,6.9,0.522,0.52,0.9,1.2,0.75,1.4,2.8,4.2,1.8,0.8,0.7,1.5,2.7,13.8,2025-26
Deandre Ayton,27,LAL,C,72,72,27.2,5.6,8.3,0.671,0.0,0.0,,5.6,8.3,0.671,0.671,1.3,2.0,0.645,2.6,5.4,8.0,0.8,0.6,1.0,1.2,2.2,12.5,2025-26
Marvin Bagley III,26,2TM,PF,60,12,20.0,4.2,6.9,0.618,0.4,0.9,0.462,3.8,6.0,0.641,0.647,1.6,2.4,0.66,2.5,3.6,6.1,1.4,0.5,0.7,1.0,2.1,10.5,2025-26
Marvin Bagley III,26,WAS,PF,38,8,19.2,4.1,6.5,0.626,0.2,0.5,0.421,3.8,6.0,0.643,0.642,1.8,2.6,0.711,2.6,3.1,5.7,1.5,0.5,0.7,1.2,2.1,10.1,2025-26
Marvin Bagley III,26,DAL,PF,22,4,21.4,4.5,7.5,0.606,0.7,1.5,0.485,3.8,6.0,0.636,0.655,1.2,2.1,0.553,2.4,4.4,6.8,1.3,0.4,0.7,0.8,2.0,11.0,2025-26
Adama-Alpha Bal,22,MEM,SG,8,1,30.1,3.5,8.5,0.412,2.3,5.5,0.409,1.3,3.0,0.417,0.544,1.1,1.3,0.9,0.8,2.4,3.1,2.4,1.1,0.1,0.8,3.4,10.4,2025-26
Precious Achiuwa,26,SAC,C,73,57,23.9,4.3,8.2,0.528,0.4,1.3,0.278,4.0,6.9,0.577,0.551,1.1,1.9,0.554,2.4,4.3,6.7,1.4,0.9,0.7,0.9,1.7,10.1,2025-26
Jose Alvarado,27,2TM,PG,69,3,19.9,2.7,6.5,0.416,1.5,4.2,0.352,1.2,2.3,0.531,0.529,0.5,0.7,0.761,0.4,2.1,2.5,3.4,1.0,0.1,1.1,1.9,7.4,2025-26
Jose Alvarado,27,NOP,PG,41,0,21.9,2.9,6.8,0.418,1.7,4.7,0.363,1.1,2.1,0.54,0.543,0.5,0.6,0.833,0.4,2.4,2.8,3.1,0.9,0.1,1.1,2.0,7.9,2025-26
Jose Alvarado,27,NYK,PG,28,3,16.9,2.5,6.0,0.414,1.1,3.4,0.33,1.4,2.7,0.52,0.506,0.5,0.8,0.682,0.4,1.7,2.0,3.8,1.0,0.1,1.1,1.8,6.6,2025-26
Cole Anthony,25,MIL,PG,35,0,15.1,2.8,6.6,0.424,0.6,2.1,0.306,2.2,4.5,0.478,0.472,0.5,0.7,0.615,0.5,2.0,2.5,3.5,0.6,0.3,1.9,2.1,6.7,2025-26
Kyle Anderson,32,3TM,SF,43,5,19.8,2.5,4.7,0.53,0.1,0.3,0.364,2.4,4.4,0.539,0.54,1.1,1.6,0.706,1.0,2.5,3.5,2.9,1.0,0.6,0.9,2.2,6.2,2025-26
Kyle Anderson,32,UTA,SF,20,0,20.1,2.9,5.5,0.523,0.2,0.3,0.6,2.7,5.2,0.519,0.537,1.3,1.9,0.658,1.0,2.4,3.3,3.1,1.2,0.5,0.9,2.3,7.1,2025-26
Kyle Anderson,32,MEM,SF,4,3,22.3,3.8,4.8,0.789,0.3,0.3,1.0,3.5,4.5,0.778,0.816,1.5,2.0,0.75,0.8,2.8,3.5,0.8,1.5,1.0,1.8,3.0,9.3,2025-26
Kyle Anderson,32,MIN,SF,19,2,19.1,1.8,3.9,0.473,0.0,0.3,0.0,1.8,3.6,0.507,0.473,0.9,1.2,0.773,1.1,2.6,3.7,3.3,0.8,0.6,0.8,2.0,4.6,2025-26
Steven Adams,32,HOU,C,32,11,22.8,2.2,4.3,0.504,0.0,0.0,,2.2,4.3,0.504,0.504,1.5,2.5,0.58,4.5,4.1,8.6,1.5,0.7,0.6,1.1,1.7,5.8,2025-26
Trey Alexander,22,NOP,SG,9,0,12.3,2.1,4.1,0.514,0.7,1.3,0.5,1.4,2.8,0.52,0.595,0.3,0.6,0.6,0.1,1.1,1.2,1.0,0.7,0.2,0.3,1.4,5.2,2025-26
Ochai Agbaji,25,2TM,SG,62,13,15.7,2.0,4.5,0.436,0.5,2.1,0.266,1.4,2.5,0.579,0.496,0.6,0.7,0.837,0.7,1.5,2.3,0.8,0.4,0.3,0.5,1.5,5.1,2025-26
Ochai Agbaji,25,TOR,SG,42,13,15.5,1.7,4.0,0.424,0.3,1.5,0.185,1.4,2.5,0.571,0.459,0.6,0.7,0.862,0.8,1.5,2.3,0.7,0.4,0.3,0.5,1.8,4.3,2025-26
Ochai Agbaji,25,BRK,SG,20,0,16.2,2.5,5.5,0.455,1.1,3.2,0.349,1.4,2.4,0.596,0.555,0.6,0.7,0.786,0.7,1.7,2.3,0.9,0.4,0.3,0.6,0.9,6.7,2025-26
Lonzo Ball,28,CLE,PG,35,3,20.8,1.5,5.0,0.301,1.1,4.2,0.272,0.4,0.8,0.448,0.415,0.4,0.6,0.667,0.7,3.3,4.0,3.9,1.3,0.3,1.5,1.3,4.6,2025-26
Patrick Baldwin Jr.,23,3TM,SF,9,1,11.3,1.2,3.0,0.407,0.7,1.6,0.429,0.6,1.4,0.385,0.519,0.6,0.8,0.714,1.3,1.2,2.6,0.6,0.3,0.6,0.6,1.7,3.7,2025-26
Patrick Baldwin Jr.,23,LAC,SF,2,0,6.0,1.5,2.0,0.75,1.0,1.5,0.667,0.5,0.5,1.0,1.0,1.0,1.0,1.0,0.0,0.5,0.5,0.0,0.0,0.0,0.5,1.0,5.0,2025-26
Patrick Baldwin Jr.,23,PHI,SF,1,0,2.0,0.0,0.0,,0.0,0.0,,0.0,0.0,,,0.0,0.0,,0.0,1.0,1.0,0.0,0.0,0.0,0.0,0.0,0.0,2025-26
Patrick Baldwin Jr.,23,SAC,SF,6,1,14.7,1.3,3.8,0.348,0.7,1.8,0.364,0.7,2.0,0.333,0.435,0.5,0.8,0.6,2.0,1.5,3.5,0.8,0.5,0.8,0.7,2.2,3.8,2025-26
Alex Antetokounmpo,24,MIL,SF,6,0,3.5,0.5,1.3,0.375,0.3,1.2,0.286,0.2,0.2,1.0,0.5,1.8,2.5,0.733,0.3,0.7,1.0,0.2,0.0,0.2,0.2,0.2,3.2,2025-26
Mo Bamba,27,2TM,C,4,0,11.0,1.3,2.8,0.455,0.0,0.0,,1.3,2.8,0.455,0.455,0.0,0.0,,2.5,3.0,5.5,0.3,0.0,0.8,0.5,1.5,2.5,2025-26
Mo Bamba,27,TOR,C,2,0,3.0,0.0,1.0,0.0,0.0,0.0,,0.0,1.0,0.0,0.0,0.0,0.0,,0.5,0.5,1.0,0.0,0.0,0.5,0.0,1.0,0.0,2025-26
Mo Bamba,27,UTA,C,2,0,19.0,2.5,4.5,0.556,0.0,0.0,,2.5,4.5,0.556,0.556,0.0,0.0,,4.5,5.5,10.0,0.5,0.0,1.0,1.0,2.0,5.0,2025-26
Thanasis Antetokounmpo,33,MIL,SF,34,0,4.4,0.4,0.9,0.469,0.0,0.1,0.0,0.4,0.8,0.536,0.469,0.5,0.9,0.567,0.4,0.5,0.9,0.4,0.4,0.2,0.3,0.5,1.4,2025-26
