Franchise,Lg,From,To,Yrs,G,W,L,wl_pct,Plyfs,Div,Conf,Champ
Atlanta Hawks,NBA,1949-50,2025-26,77,6097,3011,3085,.494,49,12,0,1
Atlanta Hawks,NBA,1968-69,2025-26,58,4678,2313,2365,.494,36,6,0,0
St. Louis Hawks,NBA,1955-56,1967-68,13,1005,553,452,.550,12,6,0,1
Milwaukee Hawks,NBA,1951-52,1954-55,4,282,91,190,.324,0,0,0,0
Tri-Cities Blackhawks,NBA,1949-50,1950-51,2,132,54,78,.409,1,0,0,0
Boston Celtics,NBA/BAA,1946-47,2025-26,80,6272,3746,2526,.597,62,35,11,18
Brooklyn Nets,NBA/ABA,1967-68,2025-26,59,4770,2072,2698,.434,31,5,2,2
Brooklyn Nets,NBA,2012-13,2025-26,14,1122,490,632,.437,8,0,0,0
New Jersey Nets,NBA,1977-78,2011-12,35,2822,1186,1636,.420,16,4,2,0
New York Nets,NBA,1976-77,1976-77,1,82,22,60,.268,0,0,0,0
New York Nets,ABA,1968-69,1975-76,8,666,338,328,.508,7,1,0,2
New Jersey Americans,ABA,1967-68,1967-68,1,78,36,42,.462,0,0,0,0
Charlotte Hornets,NBA,1988-89,2025-26,36,2872,1234,1638,.430,10,0,0,0
Charlotte Hornets,NBA,2014-15,2025-26,12,952,399,553,.419,1,0,0,0
Charlotte Bobcats,NBA,2004-05,2013-14,10,804,293,511,.364,2,0,0,0
Charlotte Hornets,NBA,1988-89,2001-02,14,1116,542,574,.486,7,0,0,0
Chicago Bulls,NBA,1966-67,2025-26,60,4838,2451,2387,.507,36,9,6,6
Cleveland Cavaliers,NBA,1970-71,2025-26,56,4512,2144,2368,.475,25,8,5,1
Dallas Mavericks,NBA,1980-81,2025-26,46,3701,1860,1841,.503,25,5,3,1
Denver Nuggets,NBA/ABA,1967-68,2025-26,59,4772,2466,2306,.517,40,13,1,1
Denver Nuggets,NBA,1976-77,2025-26,50,4028,2053,1975,.510,31,10,1,1
Denver Nuggets,ABA,1974-75,1975-76,2,168,125,43,.744,2,2,0,0
Denver Rockets,ABA,1967-68,1973-74,7,576,288,288,.500,7,1,0,0
Detroit Pistons,NBA/BAA,1948-49,2025-26,78,6157,2927,3230,.475,44,11,5,3
Detroit Pistons,NBA,1957-58,2025-26,69,5538,2614,2924,.472,36,9,5,3
Fort Wayne Pistons,NBA/BAA,1948-49,1956-57,9,619,313,306,.506,8,2,0,0
Golden State Warriors,NBA/BAA,1946-47,2025-26,80,6263,3053,3209,.488,38,12,7,7
Golden State Warriors,NBA,1971-72,2025-26,55,4430,2165,2265,.489,21,7,7,5
San Francisco Warriors,NBA,1962-63,1970-71,9,729,330,399,.453,5,2,0,0
Philadelphia Warriors,NBA/BAA,1946-47,1961-62,16,1104,558,545,.506,12,3,0,2
Houston Rockets,NBA,1967-68,2025-26,59,4764,2468,2296,.518,35,9,4,2
Houston Rockets,NBA,1971-72,2025-26,55,4436,2349,2087,.530,34,9,4,2
San Diego Rockets,NBA,1967-68,1970-71,4,328,119,209,.363,1,0,0,0
Indiana Pacers,NBA/ABA,1967-68,2025-26,59,4770,2425,2345,.508,38,9,2,3
Indiana Pacers,NBA,1976-77,2025-26,50,4026,1998,2028,.496,29,6,2,0
Franchise,Lg,From,To,Yrs,G,W,L,W/L%,Plyfs,Div,Conf,Champ
Indiana Pacers,ABA,1967-68,1975-76,9,744,427,317,.574,9,3,0,3
Los Angeles Clippers,NBA,1970-71,2025-26,56,4519,1932,2587,.428,19,3,0,0
Los Angeles Clippers,NBA,1984-85,2025-26,42,3371,1487,1884,.441,16,3,0,0
San Diego Clippers,NBA,1978-79,1983-84,6,492,186,306,.378,0,0,0,0
Buffalo Braves,NBA,1970-71,1977-78,8,656,259,397,.395,3,0,0,0
Los Angeles Lakers,NBA/BAA,1948-49,2025-26,78,6163,3650,2513,.592,65,34,19,17
Los Angeles Lakers,NBA,1960-61,2025-26,66,5324,3193,2131,.600,54,30,19,12
Minneapolis Lakers,NBA/BAA,1948-49,1959-60,12,839,457,382,.545,11,4,0,5
Memphis Grizzlies,NBA,1995-96,2025-26,31,2469,1071,1398,.434,14,2,0,0
Memphis Grizzlies,NBA,2001-02,2025-26,25,2009,970,1039,.483,14,2,0,0
Vancouver Grizzlies,NBA,1995-96,2000-01,6,460,101,359,.220,0,0,0,0
Miami Heat,NBA,1988-89,2025-26,38,3044,1598,1446,.525,26,16,7,3
Milwaukee Bucks,NBA,1968-69,2025-26,58,4683,2467,2216,.527,37,19,3,2
Minnesota Timberwolves,NBA,1989-90,2025-26,37,2952,1242,1710,.421,13,1,0,0
New Orleans Pelicans,NBA,2002-03,2025-26,24,1927,877,1050,.455,9,1,0,0
New Orleans Pelicans,NBA,2013-14,2025-26,13,1041,458,583,.440,4,0,0,0
NO/Ok. City Hornets,NBA,2005-06,2006-07,2,164,77,87,.470,0,0,0,0
New Orleans Hornets,NBA,2002-03,2012-13,9,722,342,380,.474,5,1,0,0
New York Knicks,NBA/BAA,1946-47,2025-26,80,6264,3074,3190,.491,46,8,4,2
Oklahoma City Thunder,NBA,1967-68,2025-26,59,4765,2599,2166,.545,35,13,5,2
Oklahoma City Thunder,NBA,2008-09,2025-26,18,1435,854,581,.595,13,7,2,1
Seattle SuperSonics,NBA,1967-68,2007-08,41,3330,1745,1585,.524,22,6,3,1
Orlando Magic,NBA,1989-90,2025-26,37,2961,1396,1565,.471,18,8,2,0
Philadelphia 76ers,NBA,1949-50,2025-26,77,6099,3167,2932,.519,54,12,5,3
Philadelphia 76ers,NBA,1963-64,2025-26,63,5086,2591,2495,.509,40,9,5,2
Syracuse Nationals,NBA,1949-50,1962-63,14,1013,576,437,.569,14,3,0,1
Phoenix Suns,NBA,1968-69,2025-26,58,4684,2507,2177,.535,33,8,3,0
Portland Trail Blazers,NBA,1970-71,2025-26,56,4522,2368,2154,.524,37,6,3,1
Sacramento Kings,NBA/BAA,1948-49,2025-26,78,6164,2808,3356,.456,30,6,0,1
Sacramento Kings,NBA,1985-86,2025-26,41,3289,1402,1887,.426,11,3,0,0
Kansas City Kings,NBA,1975-76,1984-85,10,820,381,439,.465,4,1,0,0
Kansas City-Omaha Kings,NBA,1972-73,1974-75,3,246,113,133,.459,1,0,0,0
Cincinnati Royals,NBA,1957-58,1971-72,15,1189,555,634,.467,7,0,0,0
Rochester Royals,NBA/BAA,1948-49,1956-57,9,620,357,263,.576,7,2,0,1
San Antonio Spurs,NBA/ABA,1967-68,2025-26,59,4770,2776,1994,.582,48,22,6,5
Franchise,Lg,From,To,Yrs,G,W,L,W/L%,Plyfs,Div,Conf,Champ
San Antonio Spurs,NBA,1976-77,2025-26,50,4026,2398,1628,.596,40,22,6,5
San Antonio Spurs,ABA,1973-74,1975-76,3,252,146,106,.579,3,0,0,0
Texas Chaparrals,ABA,1970-71,1970-71,1,84,30,54,.357,1,0,0,0
Dallas Chaparrals,ABA,1967-68,1972-73,5,408,202,206,.495,4,0,0,0
Toronto Raptors,NBA,1995-96,2025-26,31,2468,1168,1300,.473,13,7,1,1
Utah Jazz,NBA,1974-75,2025-26,52,4191,2215,1976,.529,31,11,2,0
Utah Jazz,NBA,1979-80,2025-26,47,3781,2054,1727,.543,31,11,2,0
New Orleans Jazz,NBA,1974-75,1978-79,5,410,161,249,.393,0,0,0,0
Washington Wizards,NBA,1961-62,2025-26,65,5245,2307,2938,.440,30,8,4,1
Washington Wizards,NBA,1997-98,2025-26,29,2304,929,1375,.403,9,1,0,0
Washington Bullets,NBA,1974-75,1996-97,23,1886,887,999,.470,13,2,3,1
Capital Bullets,NBA,1973-74,1973-74,1,82,47,35,.573,1,1,0,0
Baltimore Bullets,NBA,1963-64,1972-73,10,813,401,412,.493,7,4,1,0
Chicago Zephyrs,NBA,1962-63,1962-63,1,80,25,55,.313,0,0,0,0
Chicago Packers,NBA,1961-62,1961-62,1,80,18,62,.225,0,0,0,0
